env_name,batch_size,samples,refinement_steps,mode,observation_dim,action_dim,goal_dim,state_dim,dimension_source,actor_parameters,critic_parameters,refinement_step_size,device_kind,mean_ms,median_ms,p95_ms,std_ms,first_call_ms,timed_calls,actions_per_second,median_overhead_ms_vs_actor_only,median_ratio_vs_actor_only
antmaze-large-navigate-singletask-v0,1,1,0,staged_host,29,8,0,29,ogbench.make_env_and_datasets(env_only=True),1087968,2399128,0.01,NVIDIA GeForce RTX 3090,1.472769618,1.4582395,1.51740415,0.06866102878265136,3679.441601,500,678.9928226235313,0.0,1.0
antmaze-large-navigate-singletask-v0,1,32,2,fused_device,29,8,0,29,ogbench.make_env_and_datasets(env_only=True),1087968,2399128,0.01,NVIDIA GeForce RTX 3090,1.5918203020000001,1.5830164999999998,1.6155146999999999,0.05793439051860989,8350.503447,500,628.2116132980442,0.40962799999999966,1.349098359153852
antmaze-large-navigate-singletask-v0,1,32,0,staged_host,29,8,0,29,ogbench.make_env_and_datasets(env_only=True),1087968,2399128,0.01,NVIDIA GeForce RTX 3090,3.3154991639999998,3.273101,3.726664999999999,0.1689575225488617,4419.016008,500,301.61370898780297,1.8148615000000001,2.244556535466225
antmaze-large-navigate-singletask-v0,1,32,2,staged_host,29,8,0,29,ogbench.make_env_and_datasets(env_only=True),1087968,2399128,0.01,NVIDIA GeForce RTX 3090,3.62069812,3.5722695,3.9742938999999984,0.16626034017853325,6558.362365,500,276.1898304849563,2.11403,2.44971385015973
antmaze-large-navigate-singletask-v0,1,1,0,fused_device,29,8,0,29,ogbench.make_env_and_datasets(env_only=True),1087968,2399128,0.01,NVIDIA GeForce RTX 3090,1.1850451419999999,1.1733885000000002,1.2314846,0.0457672700556832,3789.985895,500,843.8497104948261,0.0,1.0
antmaze-large-navigate-singletask-v0,1,32,0,fused_device,29,8,0,29,ogbench.make_env_and_datasets(env_only=True),1087968,2399128,0.01,NVIDIA GeForce RTX 3090,1.2149922240000002,1.2111755,1.2439685,0.022709956950417675,4494.533327,500,823.0505350131359,0.03778699999999979,1.0322033154407084
antmaze-large-navigate-singletask-v0,32,32,0,staged_host,29,8,0,29,ogbench.make_env_and_datasets(env_only=True),1087968,2399128,0.01,NVIDIA GeForce RTX 3090,3.9360236919999996,3.920932,4.083095699999999,0.12859117101293205,6414.993774,500,8130.032363636495,2.3595065,2.5111233292910873
antmaze-large-navigate-singletask-v0,32,1,0,staged_host,29,8,0,29,ogbench.make_env_and_datasets(env_only=True),1087968,2399128,0.01,NVIDIA GeForce RTX 3090,1.571867864,1.5614255,1.640858849999999,0.08277079948920092,3095.790139,500,20357.945303728153,0.0,1.0
antmaze-large-navigate-singletask-v0,32,1,0,fused_device,29,8,0,29,ogbench.make_env_and_datasets(env_only=True),1087968,2399128,0.01,NVIDIA GeForce RTX 3090,1.214666588,1.2022035,1.2750913,0.05281293866077001,3310.988628,500,26344.677886208556,0.0,1.0
antmaze-large-navigate-singletask-v0,32,32,0,fused_device,29,8,0,29,ogbench.make_env_and_datasets(env_only=True),1087968,2399128,0.01,NVIDIA GeForce RTX 3090,2.220513386,2.311801,2.3802776,0.20402937668440052,5338.622651,500,14411.081780346449,1.1095975,1.9229697800746712
antmaze-large-navigate-singletask-v0,32,32,2,fused_device,29,8,0,29,ogbench.make_env_and_datasets(env_only=True),1087968,2399128,0.01,NVIDIA GeForce RTX 3090,4.471805832,4.4601315,4.5095381,0.08505038628405974,9285.92603,500,7155.945763791829,3.257928,3.709963828919147
antmaze-large-navigate-singletask-v0,32,32,2,staged_host,29,8,0,29,ogbench.make_env_and_datasets(env_only=True),1087968,2399128,0.01,NVIDIA GeForce RTX 3090,6.723454414,6.946789,7.450811199999999,0.6062983845805352,8625.557722,500,4759.4581638521395,5.3853635,4.449004451381126
antmaze-giant-navigate-singletask-v0,1,1,0,fused_device,29,8,0,29,ogbench.make_env_and_datasets(env_only=True),1087968,2399128,0.01,NVIDIA GeForce RTX 3090,1.1646378400000001,1.1602535,1.1758716,0.0384438822161134,3767.954923,500,858.6360202756248,0.0,1.0
antmaze-giant-navigate-singletask-v0,1,1,0,staged_host,29,8,0,29,ogbench.make_env_and_datasets(env_only=True),1087968,2399128,0.01,NVIDIA GeForce RTX 3090,1.5020023599999999,1.501332,1.5346030499999999,0.05004506269408003,3469.486061,500,665.777915289028,0.0,1.0
antmaze-giant-navigate-singletask-v0,1,32,0,fused_device,29,8,0,29,ogbench.make_env_and_datasets(env_only=True),1087968,2399128,0.01,NVIDIA GeForce RTX 3090,1.1981497159999999,1.19515,1.21492155,0.016976407869491825,4384.178036,500,834.620237058922,0.034896499999999886,1.03007661687726
antmaze-giant-navigate-singletask-v0,1,32,0,staged_host,29,8,0,29,ogbench.make_env_and_datasets(env_only=True),1087968,2399128,0.01,NVIDIA GeForce RTX 3090,3.34807085,3.3053125000000003,3.69457005,0.1721584346108999,4416.448691,500,298.6794619355203,1.8039805000000002,2.201586657714616
antmaze-giant-navigate-singletask-v0,1,32,2,staged_host,29,8,0,29,ogbench.make_env_and_datasets(env_only=True),1087968,2399128,0.01,NVIDIA GeForce RTX 3090,3.6520913359999994,3.609045,3.9237020499999993,0.168879750295727,6485.951007,500,273.8157148871482,2.107713,2.4038953409372477
antmaze-giant-navigate-singletask-v0,1,32,2,fused_device,29,8,0,29,ogbench.make_env_and_datasets(env_only=True),1087968,2399128,0.01,NVIDIA GeForce RTX 3090,1.5957463699999999,1.5873599999999999,1.6270455,0.04717677881476331,6686.699932,500,626.6660033198133,0.42710649999999983,1.3681148128404697
antmaze-giant-navigate-singletask-v0,32,32,2,staged_host,29,8,0,29,ogbench.make_env_and_datasets(env_only=True),1087968,2399128,0.01,NVIDIA GeForce RTX 3090,6.04425226,5.973721,6.6567069,0.2663675883976359,8915.04658,500,5294.285980049416,4.469363,3.970943751420872
antmaze-giant-navigate-singletask-v0,32,32,2,fused_device,29,8,0,29,ogbench.make_env_and_datasets(env_only=True),1087968,2399128,0.01,NVIDIA GeForce RTX 3090,4.474751618,4.4602165,4.53282015,0.08579113475768971,8685.157901,500,7151.234913526322,3.2553134999999997,3.7017224623060945
antmaze-giant-navigate-singletask-v0,32,32,0,fused_device,29,8,0,29,ogbench.make_env_and_datasets(env_only=True),1087968,2399128,0.01,NVIDIA GeForce RTX 3090,2.2170095819999998,2.312959,2.34889255,0.1852415291878559,5464.43802,500,14433.857327369911,1.1080560000000004,1.919622575427234
antmaze-giant-navigate-singletask-v0,32,32,0,staged_host,29,8,0,29,ogbench.make_env_and_datasets(env_only=True),1087968,2399128,0.01,NVIDIA GeForce RTX 3090,4.00671472,3.9029035,4.64083165,0.2604085697880114,4988.761045,500,7986.593065952048,2.3985455,2.594398075458102
antmaze-giant-navigate-singletask-v0,32,1,0,staged_host,29,8,0,29,ogbench.make_env_and_datasets(env_only=True),1087968,2399128,0.01,NVIDIA GeForce RTX 3090,1.53447469,1.504358,1.7338517999999998,0.11954980848810216,3035.541911,500,20854.042239041428,0.0,1.0
antmaze-giant-navigate-singletask-v0,32,1,0,fused_device,29,8,0,29,ogbench.make_env_and_datasets(env_only=True),1087968,2399128,0.01,NVIDIA GeForce RTX 3090,1.210424496,1.2049029999999998,1.2321901,0.0323281656329892,3379.555755,500,26437.006278167722,0.0,1.0
humanoidmaze-medium-navigate-singletask-v0,1,32,2,fused_device,69,21,0,69,ogbench.make_env_and_datasets(env_only=True),1313942,2494520,0.01,NVIDIA GeForce RTX 3090,1.5931671959999998,1.5842695,1.6122062,0.05042874999816656,8445.733673,500,627.6805111922479,0.44647799999999993,1.3924075720375833
humanoidmaze-medium-navigate-singletask-v0,1,32,0,staged_host,69,21,0,69,ogbench.make_env_and_datasets(env_only=True),1313942,2494520,0.01,NVIDIA GeForce RTX 3090,3.3969783500000004,3.354977,3.6473182499999997,0.17153231685939388,4715.045109,500,294.3792679750225,1.8993324999999999,2.304805191102635
humanoidmaze-medium-navigate-singletask-v0,1,1,0,fused_device,69,21,0,69,ogbench.make_env_and_datasets(env_only=True),1313942,2494520,0.01,NVIDIA GeForce RTX 3090,1.148821626,1.1377915,1.17862055,0.07037023744159263,4124.459473,500,870.457151369816,0.0,1.0
humanoidmaze-medium-navigate-singletask-v0,1,1,0,staged_host,69,21,0,69,ogbench.make_env_and_datasets(env_only=True),1313942,2494520,0.01,NVIDIA GeForce RTX 3090,1.464248724,1.4556445,1.4844076,0.052123096383655344,4047.463047,500,682.9440815684809,0.0,1.0
humanoidmaze-medium-navigate-singletask-v0,1,32,2,staged_host,69,21,0,69,ogbench.make_env_and_datasets(env_only=True),1313942,2494520,0.01,NVIDIA GeForce RTX 3090,3.7690781939999995,3.6869635,4.37001085,0.22538182997465514,6861.101632,500,265.316862248149,2.231319,2.532873582801295
humanoidmaze-medium-navigate-singletask-v0,1,32,0,fused_device,69,21,0,69,ogbench.make_env_and_datasets(env_only=True),1313942,2494520,0.01,NVIDIA GeForce RTX 3090,1.244588228,1.237085,1.2657135999999998,0.050714636993120794,4877.946677,500,803.4785943676786,0.09929349999999992,1.0872686252270296
humanoidmaze-medium-navigate-singletask-v0,32,32,0,fused_device,69,21,0,69,ogbench.make_env_and_datasets(env_only=True),1313942,2494520,0.01,NVIDIA GeForce RTX 3090,2.238852092,2.218509,2.72137345,0.2078928299655078,6378.238505,500,14293.038881105325,1.0740950000000002,1.9385545790247238
humanoidmaze-medium-navigate-singletask-v0,32,32,0,staged_host,69,21,0,69,ogbench.make_env_and_datasets(env_only=True),1313942,2494520,0.01,NVIDIA GeForce RTX 3090,4.0144214080000005,3.9550875,4.48603945,0.18564124563840206,5694.359185,500,7971.260798936033,2.4440074999999997,2.617391203642428
humanoidmaze-medium-navigate-singletask-v0,32,1,0,staged_host,69,21,0,69,ogbench.make_env_and_datasets(env_only=True),1313942,2494520,0.01,NVIDIA GeForce RTX 3090,1.5164930140000001,1.51108,1.5355599999999998,0.04494265499560306,3278.126845,500,21101.31712087135,0.0,1.0
humanoidmaze-medium-navigate-singletask-v0,32,32,2,staged_host,69,21,0,69,ogbench.make_env_and_datasets(env_only=True),1313942,2494520,0.01,NVIDIA GeForce RTX 3090,7.080235178000001,6.9933885,7.664983049999999,0.2286948709753026,9636.316494,500,4519.623881906031,5.4823085,4.628072967678746
humanoidmaze-medium-navigate-singletask-v0,32,32,2,fused_device,69,21,0,69,ogbench.make_env_and_datasets(env_only=True),1313942,2494520,0.01,NVIDIA GeForce RTX 3090,4.435069064,4.409666,4.5863669499999995,0.11453371676983116,8645.621933,500,7215.220222780277,3.265252,3.853208716426049
humanoidmaze-medium-navigate-singletask-v0,32,1,0,fused_device,69,21,0,69,ogbench.make_env_and_datasets(env_only=True),1313942,2494520,0.01,NVIDIA GeForce RTX 3090,1.152927484,1.1444139999999998,1.1749488499999998,0.049092691780729884,3483.03508,500,27755.43166772144,0.0,1.0
humanoidmaze-large-navigate-singletask-v0,1,32,0,fused_device,69,21,0,69,ogbench.make_env_and_datasets(env_only=True),1313942,2494520,0.01,NVIDIA GeForce RTX 3090,1.2616971520000002,1.249749,1.34145405,0.054272425099537384,4847.532549,500,792.5832268186017,0.10275100000000004,1.0895825450436705
humanoidmaze-large-navigate-singletask-v0,1,1,0,fused_device,69,21,0,69,ogbench.make_env_and_datasets(env_only=True),1313942,2494520,0.01,NVIDIA GeForce RTX 3090,1.1561589939999999,1.146998,1.18621655,0.04078593321685755,4110.708741,500,864.9329419133508,0.0,1.0
humanoidmaze-large-navigate-singletask-v0,1,32,2,fused_device,69,21,0,69,ogbench.make_env_and_datasets(env_only=True),1313942,2494520,0.01,NVIDIA GeForce RTX 3090,1.587617154,1.5747065,1.6416467499999994,0.06034165889932331,7066.572283,500,629.8747764727163,0.42770850000000005,1.3728938498585002
humanoidmaze-large-navigate-singletask-v0,1,1,0,staged_host,69,21,0,69,ogbench.make_env_and_datasets(env_only=True),1313942,2494520,0.01,NVIDIA GeForce RTX 3090,1.505858996,1.4876205,1.60193265,0.07306473295873997,3879.15209,500,664.0728000804133,0.0,1.0
humanoidmaze-large-navigate-singletask-v0,1,32,2,staged_host,69,21,0,69,ogbench.make_env_and_datasets(env_only=True),1313942,2494520,0.01,NVIDIA GeForce RTX 3090,3.690386786,3.645279,4.120031899999999,0.15662401849463642,7134.187948,500,270.9743064856075,2.1576585,2.4504092273533473
humanoidmaze-large-navigate-singletask-v0,1,32,0,staged_host,69,21,0,69,ogbench.make_env_and_datasets(env_only=True),1313942,2494520,0.01,NVIDIA GeForce RTX 3090,3.3812148300000002,3.341417,3.6596243499999983,0.22854102076269175,4444.843067,500,295.7516899332894,1.8537964999999998,2.2461487993745717
humanoidmaze-large-navigate-singletask-v0,32,32,2,fused_device,69,21,0,69,ogbench.make_env_and_datasets(env_only=True),1313942,2494520,0.01,NVIDIA GeForce RTX 3090,4.427577008,4.4084845,4.53151205,0.10301776099174324,8661.516078,500,7227.429346159438,3.2743700000000002,3.887159982523811
humanoidmaze-large-navigate-singletask-v0,32,1,0,staged_host,69,21,0,69,ogbench.make_env_and_datasets(env_only=True),1313942,2494520,0.01,NVIDIA GeForce RTX 3090,1.480215002,1.4737945,1.51417955,0.03940114170297601,3272.116371,500,21618.481069819612,0.0,1.0
humanoidmaze-large-navigate-singletask-v0,32,1,0,fused_device,69,21,0,69,ogbench.make_env_and_datasets(env_only=True),1313942,2494520,0.01,NVIDIA GeForce RTX 3090,1.1389195460000001,1.1341145,1.1565227499999997,0.025749568603219048,3384.918627,500,28096.80465348691,0.0,1.0
humanoidmaze-large-navigate-singletask-v0,32,32,0,staged_host,69,21,0,69,ogbench.make_env_and_datasets(env_only=True),1313942,2494520,0.01,NVIDIA GeForce RTX 3090,4.045704226000001,3.985115,4.4654653999999985,0.19495168201010968,5656.450443,500,7909.624187143925,2.5113205,2.703982814429013
humanoidmaze-large-navigate-singletask-v0,32,32,0,fused_device,69,21,0,69,ogbench.make_env_and_datasets(env_only=True),1313942,2494520,0.01,NVIDIA GeForce RTX 3090,2.201714884,2.224786,2.2992900499999998,0.1463454752914983,5591.714264,500,14534.125300485548,1.0906715,1.961694343913247
humanoidmaze-large-navigate-singletask-v0,32,32,2,staged_host,69,21,0,69,ogbench.make_env_and_datasets(env_only=True),1313942,2494520,0.01,NVIDIA GeForce RTX 3090,7.035722116,6.968071,7.73378025,0.28584965135392165,8697.867398,500,4548.218288386988,5.4942765,4.727980054207015
antsoccer-arena-navigate-singletask-v0,1,32,2,fused_device,42,8,0,42,ogbench.make_env_and_datasets(env_only=True),1134560,2425804,0.01,NVIDIA GeForce RTX 3090,1.580227208,1.573579,1.605355,0.03387278284476692,8044.97569,500,632.8203912307274,0.4000845000000002,1.3409342779194962
antsoccer-arena-navigate-singletask-v0,1,1,0,staged_host,42,8,0,42,ogbench.make_env_and_datasets(env_only=True),1134560,2425804,0.01,NVIDIA GeForce RTX 3090,1.498510986,1.48456,1.5674947,0.06460632848969057,3618.986148,500,667.3291082565343,0.0,1.0
antsoccer-arena-navigate-singletask-v0,1,32,2,staged_host,42,8,0,42,ogbench.make_env_and_datasets(env_only=True),1134560,2425804,0.01,NVIDIA GeForce RTX 3090,3.703742136,3.6474279999999997,4.248486499999999,0.20692456952205918,6680.932814,500,269.99719831467235,2.1628679999999996,2.4569084442528424
antsoccer-arena-navigate-singletask-v0,1,32,0,staged_host,42,8,0,42,ogbench.make_env_and_datasets(env_only=True),1134560,2425804,0.01,NVIDIA GeForce RTX 3090,3.404544202,3.348951,3.9465481999999974,0.20397929327661962,4212.564147,500,293.7250746847551,1.864391,2.255854259848036
antsoccer-arena-navigate-singletask-v0,1,1,0,fused_device,42,8,0,42,ogbench.make_env_and_datasets(env_only=True),1134560,2425804,0.01,NVIDIA GeForce RTX 3090,1.216990204,1.1734944999999999,1.48194435,0.10097338661751613,3953.342743,500,821.699301040553,0.0,1.0
antsoccer-arena-navigate-singletask-v0,1,32,0,fused_device,42,8,0,42,ogbench.make_env_and_datasets(env_only=True),1134560,2425804,0.01,NVIDIA GeForce RTX 3090,1.20897934,1.200866,1.2414671,0.04462784656682866,4460.439141,500,827.1439940404606,0.027371500000000104,1.0233247791105966
antsoccer-arena-navigate-singletask-v0,32,1,0,staged_host,42,8,0,42,ogbench.make_env_and_datasets(env_only=True),1134560,2425804,0.01,NVIDIA GeForce RTX 3090,1.5610715620000002,1.557829,1.6217219499999995,0.08034953568056356,2941.668899,500,20498.739954626115,0.0,1.0
antsoccer-arena-navigate-singletask-v0,32,32,2,fused_device,42,8,0,42,ogbench.make_env_and_datasets(env_only=True),1134560,2425804,0.01,NVIDIA GeForce RTX 3090,4.542113738,4.487259,4.9898266499999995,0.17773634615938674,9200.229349,500,7045.178048335345,3.276439,3.705967030607357
antsoccer-arena-navigate-singletask-v0,32,32,0,staged_host,42,8,0,42,ogbench.make_env_and_datasets(env_only=True),1134560,2425804,0.01,NVIDIA GeForce RTX 3090,3.956688886,3.897654,4.4034018999999995,0.2024973892296417,5515.896115,500,8087.570421123073,2.3398250000000003,2.5019780733315407
antsoccer-arena-navigate-singletask-v0,32,32,0,fused_device,42,8,0,42,ogbench.make_env_and_datasets(env_only=True),1134560,2425804,0.01,NVIDIA GeForce RTX 3090,2.2617773779999997,2.3319900000000002,2.4041599499999995,0.18679702347484856,5485.458241,500,14148.165204612815,1.1211700000000002,1.9259592672734183
antsoccer-arena-navigate-singletask-v0,32,32,2,staged_host,42,8,0,42,ogbench.make_env_and_datasets(env_only=True),1134560,2425804,0.01,NVIDIA GeForce RTX 3090,6.672471606000001,6.931607,7.720247399999999,0.6457239973293812,8902.656939,500,4795.8240798244915,5.373778,4.4495300832119575
antsoccer-arena-navigate-singletask-v0,32,1,0,fused_device,42,8,0,42,ogbench.make_env_and_datasets(env_only=True),1134560,2425804,0.01,NVIDIA GeForce RTX 3090,1.2257774720000003,1.21082,1.3272501999999995,0.0710064740956289,3168.84139,500,26105.880333881672,0.0,1.0
cube-single-play-singletask-v0,1,1,0,fused_device,28,5,0,28,ogbench.make_env_and_datasets(env_only=True),1068886,2394004,0.01,NVIDIA GeForce RTX 3090,1.0707004500000001,1.0641465,1.1022870999999999,0.03055499807395674,4052.631174,500,933.9680393335035,0.0,1.0
cube-single-play-singletask-v0,1,32,0,staged_host,28,5,0,28,ogbench.make_env_and_datasets(env_only=True),1068886,2394004,0.01,NVIDIA GeForce RTX 3090,3.286677826,3.2675720000000004,3.4798736999999997,0.13253403516093415,5023.420961,500,304.2586018286539,1.8087660000000003,2.2398948180909595
cube-single-play-singletask-v0,1,32,0,fused_device,28,5,0,28,ogbench.make_env_and_datasets(env_only=True),1068886,2394004,0.01,NVIDIA GeForce RTX 3090,1.208014012,1.2007965,1.2331986000000001,0.04395876507027757,4415.135603,500,827.8049675470155,0.13664999999999994,1.1284127702341735
cube-single-play-singletask-v0,1,32,2,fused_device,28,5,0,28,ogbench.make_env_and_datasets(env_only=True),1068886,2394004,0.01,NVIDIA GeForce RTX 3090,1.5794247180000003,1.575528,1.5963559999999999,0.03513193430271774,7643.91666,500,633.1419209813835,0.5113814999999999,1.4805555438090525
cube-single-play-singletask-v0,1,1,0,staged_host,28,5,0,28,ogbench.make_env_and_datasets(env_only=True),1068886,2394004,0.01,NVIDIA GeForce RTX 3090,1.478830386,1.458806,1.52740855,0.0536420392820128,3740.744427,500,676.2100707876582,0.0,1.0
cube-single-play-singletask-v0,1,32,2,staged_host,28,5,0,28,ogbench.make_env_and_datasets(env_only=True),1068886,2394004,0.01,NVIDIA GeForce RTX 3090,3.64006548,3.5443724999999997,4.1952492,0.23331620522108104,6505.269649,500,274.72033277818946,2.0855664999999997,2.42963937631186
cube-single-play-singletask-v0,32,32,0,staged_host,28,5,0,28,ogbench.make_env_and_datasets(env_only=True),1068886,2394004,0.01,NVIDIA GeForce RTX 3090,3.988653476,3.9596065,4.221018599999999,0.15334283463862738,5667.432862,500,8022.7576029219335,2.4756125,2.6682092380427416
cube-single-play-singletask-v0,32,1,0,staged_host,28,5,0,28,ogbench.make_env_and_datasets(env_only=True),1068886,2394004,0.01,NVIDIA GeForce RTX 3090,1.49241089,1.483994,1.51716535,0.054239384304708885,3000.643597,500,21441.81620116696,0.0,1.0
cube-single-play-singletask-v0,32,32,0,fused_device,28,5,0,28,ogbench.make_env_and_datasets(env_only=True),1068886,2394004,0.01,NVIDIA GeForce RTX 3090,2.2589455239999996,2.3485365,2.3910356,0.19324889406225698,5149.483937,500,14165.901594358238,1.157444,1.9717498850844917
cube-single-play-singletask-v0,32,32,2,staged_host,28,5,0,28,ogbench.make_env_and_datasets(env_only=True),1068886,2394004,0.01,NVIDIA GeForce RTX 3090,6.061739998,6.020091,6.475814099999998,0.20365581639470548,8691.418174,500,5279.012298541017,4.536097,4.0566814960168305
cube-single-play-singletask-v0,32,32,2,fused_device,28,5,0,28,ogbench.make_env_and_datasets(env_only=True),1068886,2394004,0.01,NVIDIA GeForce RTX 3090,4.526180494,4.491022,4.8279315,0.13505432742265597,8213.396561,500,7069.978769609359,3.2999295,3.7705064887907533
cube-single-play-singletask-v0,32,1,0,fused_device,28,5,0,28,ogbench.make_env_and_datasets(env_only=True),1068886,2394004,0.01,NVIDIA GeForce RTX 3090,1.1969102299999999,1.1910924999999999,1.2200241499999998,0.040820813317633695,3150.494273,500,26735.505468943986,0.0,1.0
cube-double-play-singletask-v0,1,32,2,staged_host,37,5,0,37,ogbench.make_env_and_datasets(env_only=True),1101142,2412472,0.01,NVIDIA GeForce RTX 3090,3.5953152520000002,3.556396,3.846921949999996,0.15661743300266576,8651.498167,500,278.1397262573068,2.1156645,2.4684654982555734
cube-double-play-singletask-v0,1,32,0,staged_host,37,5,0,37,ogbench.make_env_and_datasets(env_only=True),1101142,2412472,0.01,NVIDIA GeForce RTX 3090,3.33048067,3.2863325000000003,3.610386249999998,0.17195597816039165,4072.7466,500,300.25695960577366,1.8456010000000003,2.2810166224587998
cube-double-play-singletask-v0,1,1,0,fused_device,37,5,0,37,ogbench.make_env_and_datasets(env_only=True),1101142,2412472,0.01,NVIDIA GeForce RTX 3090,1.0812531760000001,1.071235,1.1198496,0.03315305835540703,4122.36352,500,924.8527747214681,0.0,1.0
cube-double-play-singletask-v0,1,32,0,fused_device,37,5,0,37,ogbench.make_env_and_datasets(env_only=True),1101142,2412472,0.01,NVIDIA GeForce RTX 3090,1.2030876659999998,1.1911275,1.2698153499999991,0.04534883510471293,4426.493902,500,831.1946238504619,0.11989249999999996,1.1119198868595592
cube-double-play-singletask-v0,1,1,0,staged_host,37,5,0,37,ogbench.make_env_and_datasets(env_only=True),1101142,2412472,0.01,NVIDIA GeForce RTX 3090,1.459753606,1.4407315,1.5155054999999995,0.08450619443914609,3809.519983,500,685.0471174653841,0.0,1.0
cube-double-play-singletask-v0,1,32,2,fused_device,37,5,0,37,ogbench.make_env_and_datasets(env_only=True),1101142,2412472,0.01,NVIDIA GeForce RTX 3090,1.6165461019999998,1.6026995,1.6839702499999998,0.06821004180581915,6803.157217,500,618.6028340068956,0.5314645,1.4961231662520362
cube-double-play-singletask-v0,32,32,0,fused_device,37,5,0,37,ogbench.make_env_and_datasets(env_only=True),1101142,2412472,0.01,NVIDIA GeForce RTX 3090,2.30652682,2.3717405,2.48896525,0.2039937307134697,5955.470278,500,13873.673491470607,1.1765555,1.9844128733208668
cube-double-play-singletask-v0,32,32,2,fused_device,37,5,0,37,ogbench.make_env_and_datasets(env_only=True),1101142,2412472,0.01,NVIDIA GeForce RTX 3090,4.5548623,4.533602,4.6648653,0.11267842257176837,8734.363489,500,7025.45936460033,3.338417,3.793221969820572
cube-double-play-singletask-v0,32,32,2,staged_host,37,5,0,37,ogbench.make_env_and_datasets(env_only=True),1101142,2412472,0.01,NVIDIA GeForce RTX 3090,6.19223103,6.1294885,6.71545685,0.2226183326243306,8479.704597,500,5167.765841579073,4.645239,4.129688775370987
cube-double-play-singletask-v0,32,1,0,fused_device,37,5,0,37,ogbench.make_env_and_datasets(env_only=True),1101142,2412472,0.01,NVIDIA GeForce RTX 3090,1.199373268,1.195185,1.2341621,0.0407753682211231,3363.881585,500,26680.601322189883,0.0,1.0
cube-double-play-singletask-v0,32,32,0,staged_host,37,5,0,37,ogbench.make_env_and_datasets(env_only=True),1101142,2412472,0.01,NVIDIA GeForce RTX 3090,4.041965966,4.0028685,4.305279849999998,0.17627962432558347,5013.42065,500,7916.939496565766,2.518619,2.696897320834536
cube-double-play-singletask-v0,32,1,0,staged_host,37,5,0,37,ogbench.make_env_and_datasets(env_only=True),1101142,2412472,0.01,NVIDIA GeForce RTX 3090,1.498593358,1.4842495,1.55036755,0.0689976425631328,2920.378269,500,21353.357686508578,0.0,1.0
scene-play-singletask-v0,1,32,2,fused_device,40,5,0,40,ogbench.make_env_and_datasets(env_only=True),1111894,2418628,0.01,NVIDIA GeForce RTX 3090,1.596536854,1.5891635,1.63631395,0.05151272279300216,7896.498751,500,626.3557258290513,0.5226624999999998,1.4900722080898188
scene-play-singletask-v0,1,1,0,staged_host,40,5,0,40,ogbench.make_env_and_datasets(env_only=True),1111894,2418628,0.01,NVIDIA GeForce RTX 3090,1.4626554820000002,1.454117,1.50321325,0.057700663144903935,3659.329531,500,683.687999194878,0.0,1.0
scene-play-singletask-v0,1,32,2,staged_host,40,5,0,40,ogbench.make_env_and_datasets(env_only=True),1111894,2418628,0.01,NVIDIA GeForce RTX 3090,3.583837152,3.542925,3.9066108999999996,0.18478770627460284,6622.464515,500,279.0305355928181,2.0888079999999998,2.4364786327372556
scene-play-singletask-v0,1,32,0,staged_host,40,5,0,40,ogbench.make_env_and_datasets(env_only=True),1111894,2418628,0.01,NVIDIA GeForce RTX 3090,3.398946836,3.3057295,4.137236199999999,0.2872142642064024,4189.624113,500,294.2087794397029,1.8516124999999999,2.273358677465431
scene-play-singletask-v0,1,32,0,fused_device,40,5,0,40,ogbench.make_env_and_datasets(env_only=True),1111894,2418628,0.01,NVIDIA GeForce RTX 3090,1.205215862,1.196097,1.2579108999999997,0.0503519529999677,4371.819135,500,829.7268825690248,0.12959599999999982,1.1215151228175124
scene-play-singletask-v0,1,1,0,fused_device,40,5,0,40,ogbench.make_env_and_datasets(env_only=True),1111894,2418628,0.01,NVIDIA GeForce RTX 3090,1.070785152,1.0665010000000001,1.09887855,0.03113071579403365,4175.598822,500,933.8941599369506,0.0,1.0
scene-play-singletask-v0,32,32,2,staged_host,40,5,0,40,ogbench.make_env_and_datasets(env_only=True),1111894,2418628,0.01,NVIDIA GeForce RTX 3090,7.070571847999999,7.1127115,7.776790049999999,0.4678887869466343,9690.249638,500,4525.800838732953,5.6088795,4.72972479638683
scene-play-singletask-v0,32,32,2,fused_device,40,5,0,40,ogbench.make_env_and_datasets(env_only=True),1111894,2418628,0.01,NVIDIA GeForce RTX 3090,4.560380498,4.519055,4.917771399999999,0.13935191093606858,8700.391963,500,7016.958346794509,3.319286,3.7666042379824787
scene-play-singletask-v0,32,32,0,staged_host,40,5,0,40,ogbench.make_env_and_datasets(env_only=True),1111894,2418628,0.01,NVIDIA GeForce RTX 3090,4.085382768,4.0246355,4.546835699999999,0.21590824764973238,5015.009268,500,7832.803391312489,2.5208034999999995,2.676253397985945
scene-play-singletask-v0,32,32,0,fused_device,40,5,0,40,ogbench.make_env_and_datasets(env_only=True),1111894,2418628,0.01,NVIDIA GeForce RTX 3090,2.2986072299999996,2.37681,2.5436980499999997,0.20959740295206214,5183.269003,500,13921.47365689788,1.177041,1.9810563533480197
scene-play-singletask-v0,32,1,0,staged_host,40,5,0,40,ogbench.make_env_and_datasets(env_only=True),1111894,2418628,0.01,NVIDIA GeForce RTX 3090,1.5208253260000002,1.503832,1.5879330499999997,0.08478544354274338,2956.452681,500,21041.206674381745,0.0,1.0
scene-play-singletask-v0,32,1,0,fused_device,40,5,0,40,ogbench.make_env_and_datasets(env_only=True),1111894,2418628,0.01,NVIDIA GeForce RTX 3090,1.20765287,1.1997689999999999,1.2544223499999998,0.034045043054181906,3358.256356,500,26497.6805793539,0.0,1.0
puzzle-3x3-play-singletask-v0,1,32,2,fused_device,55,5,0,55,ogbench.make_env_and_datasets(env_only=True),1165654,2449408,0.01,NVIDIA GeForce RTX 3090,1.6053687559999998,1.5999340000000002,1.6243566,0.03705128409991298,7799.002577,500,622.9098431513265,0.521671,1.4838068263494155
puzzle-3x3-play-singletask-v0,1,1,0,fused_device,55,5,0,55,ogbench.make_env_and_datasets(env_only=True),1165654,2449408,0.01,NVIDIA GeForce RTX 3090,1.085144046,1.0782630000000002,1.1281812,0.03327856305136813,4118.929248,500,921.5366417814728,0.0,1.0
puzzle-3x3-play-singletask-v0,1,32,0,staged_host,55,5,0,55,ogbench.make_env_and_datasets(env_only=True),1165654,2449408,0.01,NVIDIA GeForce RTX 3090,3.3161047399999997,3.2657645,3.7940515,0.18141856090829406,4334.124353,500,301.55862929709514,1.837947,2.2872422420932645
puzzle-3x3-play-singletask-v0,1,32,2,staged_host,55,5,0,55,ogbench.make_env_and_datasets(env_only=True),1165654,2449408,0.01,NVIDIA GeForce RTX 3090,3.638887328,3.5848355,4.073596749999999,0.18602874670349315,6586.352999,500,274.8092781838394,2.157018,2.5107098771376597
puzzle-3x3-play-singletask-v0,1,32,0,fused_device,55,5,0,55,ogbench.make_env_and_datasets(env_only=True),1165654,2449408,0.01,NVIDIA GeForce RTX 3090,1.192301686,1.183669,1.21893105,0.03761854205377189,4398.19245,500,838.7139024812216,0.10540599999999989,1.0977553713704356
puzzle-3x3-play-singletask-v0,1,1,0,staged_host,55,5,0,55,ogbench.make_env_and_datasets(env_only=True),1165654,2449408,0.01,NVIDIA GeForce RTX 3090,1.4383695980000002,1.4278175,1.49581235,0.0930111161501914,3803.893723,500,695.2316020795093,0.0,1.0
puzzle-3x3-play-singletask-v0,32,1,0,staged_host,55,5,0,55,ogbench.make_env_and_datasets(env_only=True),1165654,2449408,0.01,NVIDIA GeForce RTX 3090,1.529568128,1.510379,1.6049041499999999,0.07784300840802348,2947.14344,500,20920.93801787167,0.0,1.0
puzzle-3x3-play-singletask-v0,32,32,2,fused_device,55,5,0,55,ogbench.make_env_and_datasets(env_only=True),1165654,2449408,0.01,NVIDIA GeForce RTX 3090,4.541921223999999,4.51396,4.803270499999997,0.11493431866744512,8851.498194,500,7045.476665449098,3.31342,3.759941359721459
puzzle-3x3-play-singletask-v0,32,32,0,fused_device,55,5,0,55,ogbench.make_env_and_datasets(env_only=True),1165654,2449408,0.01,NVIDIA GeForce RTX 3090,2.321869752,2.3854815,2.4768147499999986,0.19600611838131607,4954.35307,500,13781.996157379632,1.1849415,1.9870070968064373
puzzle-3x3-play-singletask-v0,32,32,0,staged_host,55,5,0,55,ogbench.make_env_and_datasets(env_only=True),1165654,2449408,0.01,NVIDIA GeForce RTX 3090,4.077493372,4.026159,4.484806699999998,0.1726809650008524,5022.350591,500,7847.9588022736825,2.51578,2.665661400218091
puzzle-3x3-play-singletask-v0,32,32,2,staged_host,55,5,0,55,ogbench.make_env_and_datasets(env_only=True),1165654,2449408,0.01,NVIDIA GeForce RTX 3090,7.044673931999999,7.160222,8.0890739,0.5948862225591104,8084.50546,500,4542.438771316578,5.649843000000001,4.740678995139631
puzzle-3x3-play-singletask-v0,32,1,0,fused_device,55,5,0,55,ogbench.make_env_and_datasets(env_only=True),1165654,2449408,0.01,NVIDIA GeForce RTX 3090,1.2022878860000001,1.20054,1.22029755,0.0194931346877049,3218.332665,500,26615.921504843307,0.0,1.0
puzzle-4x4-play-singletask-v0,1,32,2,staged_host,83,5,0,83,ogbench.make_env_and_datasets(env_only=True),1266006,2506864,0.01,NVIDIA GeForce RTX 3090,3.654751366,3.5975595,3.927528449999999,0.2139422072510145,8727.912787,500,273.6164241712742,2.129551,2.4506394206845536
puzzle-4x4-play-singletask-v0,1,1,0,fused_device,83,5,0,83,ogbench.make_env_and_datasets(env_only=True),1266006,2506864,0.01,NVIDIA GeForce RTX 3090,1.077188642,1.0724420000000001,1.10039655,0.025375941561759548,4042.342794,500,928.3425028909652,0.0,1.0
puzzle-4x4-play-singletask-v0,1,32,0,staged_host,83,5,0,83,ogbench.make_env_and_datasets(env_only=True),1266006,2506864,0.01,NVIDIA GeForce RTX 3090,3.3689979840000004,3.308866,3.9460503999999994,0.1927524264184494,4322.838863,500,296.82416099658906,1.8408575000000003,2.253982861815855
puzzle-4x4-play-singletask-v0,1,32,2,fused_device,83,5,0,83,ogbench.make_env_and_datasets(env_only=True),1266006,2506864,0.01,NVIDIA GeForce RTX 3090,1.604069458,1.5982509999999999,1.62147865,0.05672172245893311,6716.83609,500,623.4144007995943,0.5258089999999997,1.490291316453477
puzzle-4x4-play-singletask-v0,1,32,0,fused_device,83,5,0,83,ogbench.make_env_and_datasets(env_only=True),1266006,2506864,0.01,NVIDIA GeForce RTX 3090,1.247943066,1.2082804999999999,1.4705906999999998,0.09765283326649384,4476.626391,500,801.3186075910294,0.13583849999999975,1.1266627938853566
puzzle-4x4-play-singletask-v0,1,1,0,staged_host,83,5,0,83,ogbench.make_env_and_datasets(env_only=True),1266006,2506864,0.01,NVIDIA GeForce RTX 3090,1.48763096,1.4680084999999998,1.62653685,0.06945194512624107,3814.579764,500,672.2097259927959,0.0,1.0
puzzle-4x4-play-singletask-v0,32,32,2,staged_host,83,5,0,83,ogbench.make_env_and_datasets(env_only=True),1266006,2506864,0.01,NVIDIA GeForce RTX 3090,7.119465376,7.236282,7.937909949999999,0.5293735165935095,9553.447525,500,4494.7195203551755,5.7263835,4.792561884126648
puzzle-4x4-play-singletask-v0,32,1,0,staged_host,83,5,0,83,ogbench.make_env_and_datasets(env_only=True),1266006,2506864,0.01,NVIDIA GeForce RTX 3090,1.5204587059999999,1.5098985,1.55064155,0.059421701031050635,3155.767022,500,21046.280226961982,0.0,1.0
puzzle-4x4-play-singletask-v0,32,32,0,staged_host,83,5,0,83,ogbench.make_env_and_datasets(env_only=True),1266006,2506864,0.01,NVIDIA GeForce RTX 3090,4.126415098,4.0524830000000005,4.74388115,0.20973423460980423,4664.158782,500,7754.915402357323,2.5425845000000002,2.6839439869633623
puzzle-4x4-play-singletask-v0,32,1,0,fused_device,83,5,0,83,ogbench.make_env_and_datasets(env_only=True),1266006,2506864,0.01,NVIDIA GeForce RTX 3090,1.20851899,1.1995235,1.2486046,0.045249217293583104,3280.007824,500,26478.690252107666,0.0,1.0
puzzle-4x4-play-singletask-v0,32,32,0,fused_device,83,5,0,83,ogbench.make_env_and_datasets(env_only=True),1266006,2506864,0.01,NVIDIA GeForce RTX 3090,2.341834806,2.395431,2.4474255,0.18939175214176662,5058.186341,500,13664.499271260724,1.1959075,1.9969854696469056
puzzle-4x4-play-singletask-v0,32,32,2,fused_device,83,5,0,83,ogbench.make_env_and_datasets(env_only=True),1266006,2506864,0.01,NVIDIA GeForce RTX 3090,4.588240988,4.550514,4.832593149999997,0.1660143677199412,7938.083,500,6974.350319369058,3.3509905,3.793601375879672
